{
    "f062": {
        "colors": [
            "f062_f087"
        ],
        "coefficients": [
            14.550200625507983,
            -2.2227314534773455,
            0.7355399731085136,
            -0.12365638018903088,
            0.00805965373083576,
            -0.9323521851543791,
            0.45686678519393265,
            -0.09706679673667003,
            0.007350817764441736,
            0.029692172419993827,
            -0.015851636996541067,
            0.0028478706643464266,
            -0.003845602814224402,
            -0.0017761047838790686,
            0.0035134903888571177
        ],
        "order": 4
    },
    "f087": {
        "colors": [
            "f062_f087",
            "f087_f106"
        ],
        "coefficients": [
            8.176391459939968,
            -0.9221022346119204,
            0.2592749305957649,
            -0.03935458802012444,
            0.0023953115956273016,
            0.03825432420996782,
            0.01842256981398217,
            -0.009425431495156244,
            0.0010732206918960237,
            -0.0855734962033108,
            0.016947109383309355,
            -0.001430159807598226,
            0.018288281825763777,
            -0.0010315907927448793,
            -0.0015641962199106105,
            -0.5041915745311355,
            0.15185829064194328,
            -0.02241656521454402,
            0.0012226712343765037,
            0.28351515212180706,
            -0.04841049226544379,
            0.0051835781421821795,
            -0.2387818636351154,
            0.0008654771070994975,
            0.09607260199158889
        ],
        "order": 4
    },
    "f106": {
        "colors": [
            "f087_f106",
            "f106_f129"
        ],
        "coefficients": [
            5.299801598239141,
            -0.3947321742890254,
            0.06821690733891789,
            -0.006145126441117343,
            0.00020200138944726024,
            -0.09742432374230163,
            0.041984950655061234,
            -0.009203140232868627,
            0.0008421959544549418,
            -0.12130615026747882,
            0.016827887974030887,
            -0.0021591689196256247,
            0.1263712879106569,
            0.0007168897533880407,
            -0.05819049600382259,
            -0.20165210004003273,
            0.02069899970425192,
            0.004982449450681959,
            -0.000932198266631224,
            0.11168724607705711,
            -0.016563286905766507,
            0.0015752468929446913,
            -0.16603893919464943,
            0.017599891095992522,
            -0.14596858193107215
        ],
        "order": 4
    },
    "f129": {
        "colors": [
            "f106_f129",
            "f129_f158"
        ],
        "coefficients": [
            3.3640194641000782,
            -0.14796826392888374,
            0.011015164913732679,
            0.0005681346681158782,
            -0.00010712324589014131,
            -0.07652257845084512,
            0.054429141583806545,
            -0.014559652405864819,
            0.001170215383894371,
            0.6671986858013748,
            0.0038312806575657873,
            -0.0029213258742920283,
            0.4418357762527187,
            -0.012831740702600385,
            -2.0630695617859454,
            -0.14246868166340385,
            -0.0378475742282267,
            0.01650251318397122,
            -0.0015178447813935583,
            -0.3605409689663124,
            -0.01350507238894485,
            0.0020229800311879873,
            0.000131794203584094,
            0.011436394305511273,
            0.6909285566388088
        ],
        "order": 4
    },
    "f158": {
        "colors": [
            "f129_f158",
            "f158_f184"
        ],
        "coefficients": [
            2.071864454328222,
            -0.05378937888547434,
            0.0029338128704197637,
            0.00022615338167505708,
            -3.347850858135178e-05,
            0.36815274601966935,
            -0.029838620467093107,
            -0.0023130834114794925,
            0.00021889407722586798,
            -0.0233188811011613,
            0.013251670613598734,
            0.00024386246209697317,
            -2.455198597482404,
            0.24856554486437443,
            -1.0234242831377962,
            0.632942195541978,
            -0.08880532059924498,
            0.009337944531254314,
            -0.001069361208246971,
            12.058496718046394,
            -1.1716417082784596,
            -0.003340943234968161,
            27.223952944362466,
            -2.704793891803807,
            -0.7980450882588723
        ],
        "order": 4
    },
    "f184": {
        "colors": [
            "f158_f184",
            "f184_f213"
        ],
        "coefficients": [
            1.5159057162255418,
            -0.014416750419432012,
            -0.00010271507361372907,
            4.537519087044513e-05,
            -1.378416583226535e-06,
            -0.02558165689377279,
            -8.711538248062207e-05,
            9.152093020720168e-05,
            -7.725862365302897e-06,
            -0.8607487111985213,
            0.002390745883499003,
            -0.00011361076856598054,
            -6.0136190913576595,
            0.010176460704302837,
            -11.864314448682979,
            0.0425522720513905,
            0.0016819230984324017,
            -0.000416851911201299,
            4.763059147246517e-05,
            0.8069247247088028,
            0.07126442659741997,
            0.0004457235238748513,
            10.912911569534813,
            0.1952192752791806,
            29.14767063278099
        ],
        "order": 4
    },
    "f213": {
        "colors": [
            "f184_f213"
        ],
        "coefficients": [
            1.0589808504885034,
            -0.006394434612073152,
            7.462443947317039e-05,
            4.096625095838537e-06,
            -5.519726675538634e-08,
            -0.06448549310909553,
            0.0018453694570452165,
            0.00020722367119344336,
            -8.135222682635212e-06,
            -0.5312287108355723,
            0.01270598271118639,
            -0.00025610104487017063,
            -7.538053337419553,
            0.02358195519147079,
            -19.689617883629857
        ],
        "order": 4
    },
    "f146": {
        "colors": [
            "f106_f129",
            "f129_f158",
            "f158_f184"
        ],
        "coefficients": [
            3.505003290373625,
            -1.1626189755728495,
            0.36752206507330887,
            -0.06001295518657211,
            0.003862376723973395,
            -0.7494481626310152,
            0.4469810896722545,
            -0.10534497893377313,
            0.008704019453866207,
            0.26470454864273774,
            -0.04841363476534198,
            0.0052036813541932025,
            0.007520934160004529,
            0.0065988745458463735,
            -0.2740450193210609,
            -0.6297869811029928,
            0.23514668553582938,
            -0.03642183507656805,
            0.002052495519417583,
            0.08672401211523782,
            -0.012657946663323557,
            8.77473038135443e-05,
            0.10278426297037602,
            -0.03840230010482863,
            -0.18948845027506706,
            -0.4039912257016811,
            0.06186181768445301,
            -0.008752555593008545,
            0.000812564555799346,
            0.18690482416143112,
            0.10988918797190468,
            -0.003293080397308694,
            1.8039962944565533,
            0.27156556942880133,
            3.8634534394770386
        ],
        "order": 4
    }
}