{
    "f062": {
        "colors": [
            "f062_f087"
        ],
        "coefficients": [
            14.703715282750316,
            -2.5824011666691082,
            0.7916010477503999,
            -0.9485208318990829,
            0.35443718479016173,
            0.04849419566013253
        ],
        "order": 2
    },
    "f087": {
        "colors": [
            "f062_f087",
            "f087_f106"
        ],
        "coefficients": [
            8.183842213112351,
            -0.9002447059706529,
            0.19080592019617712,
            -0.03709846029722568,
            0.046253638354491984,
            -0.02391064454077194,
            -0.37902154348252864,
            0.07868302528359085,
            0.05837705846708983
        ],
        "order": 2
    },
    "f106": {
        "colors": [
            "f087_f106",
            "f106_f129"
        ],
        "coefficients": [
            5.290900976909922,
            -0.3635314337267348,
            0.04064054526600536,
            -0.10249430716676278,
            0.0499818556090903,
            -0.04490357369232134,
            -0.20411040108302614,
            -0.000302897090950216,
            0.04622971478255988
        ],
        "order": 2
    },
    "f129": {
        "colors": [
            "f106_f129",
            "f129_f158"
        ],
        "coefficients": [
            3.3599146320134814,
            -0.14296858265696377,
            0.008060997963197258,
            0.04713122322412455,
            0.036239845325093833,
            0.24976901998758216,
            -0.22145871717921994,
            -0.02073585937604805,
            -0.07296236987680849
        ],
        "order": 2
    },
    "f158": {
        "colors": [
            "f129_f158",
            "f158_f184"
        ],
        "coefficients": [
            2.074418715010638,
            -0.052523506368293615,
            0.0019620940766825745,
            0.12429301084367739,
            -0.0047725534911911005,
            -0.07835186760717705,
            -0.36452002370018666,
            0.030959404177068328,
            0.8789813628710524
        ],
        "order": 2
    },
    "f184": {
        "colors": [
            "f158_f184",
            "f184_f213"
        ],
        "coefficients": [
            1.5152876986887536,
            -0.014560073768806525,
            5.462528022759372e-05,
            -0.01496796563946834,
            0.0008206776887003109,
            0.0380182874942544,
            0.05284401189575538,
            -0.0052953763455731995,
            -0.15015408002560093
        ],
        "order": 2
    },
    "f213": {
        "colors": [
            "f184_f213"
        ],
        "coefficients": [
            1.0575930403465628,
            -0.0063693121283814325,
            2.9601748963381525e-05,
            -0.09669493281854757,
            0.0003401162446571293,
            0.025595028916187923
        ],
        "order": 2
    },
    "f146": {
        "colors": [
            "f106_f129",
            "f129_f158",
            "f158_f184"
        ],
        "coefficients": [
            3.5247600408377227,
            -1.1765476225884377,
            0.2995014499411673,
            -0.7440206726851822,
            0.3802305712757442,
            0.15994209403410456,
            -0.587142385373771,
            0.12415763109520281,
            0.11324035328351979,
            -0.4322026452266736,
            0.07103699891287564,
            -0.10731154558108985
        ],
        "order": 2
    }
}