{
    "v1": {
        "f062": {
            "colors": [
                "f062_f087"
            ],
            "coefficients": [
                15.016194129763905,
                5.262578246344919,
                3.3790003466107508,
                -1.4548282776171493,
                -1.4713100158948125,
                0.17431112291771717
            ],
            "order": 2
        },
        "f087": {
            "colors": [
                "f062_f087",
                "f087_f106"
            ],
            "coefficients": [
                8.249313016151797,
                0.26951088846374155,
                -0.5589623467884903,
                -0.2502587597631631,
                -0.10543142097724588,
                0.011152917139564887,
                0.08468448754639074,
                0.737540877574291,
                -0.14695149554717526
            ],
            "order": 2
        },
        "f106": {
            "colors": [
                "f087_f106",
                "f106_f129"
            ],
            "coefficients": [
                5.290900976909922,
                -0.3635314337267348,
                0.04064054526600536,
                -0.10249430716676278,
                0.0499818556090903,
                -0.04490357369232134,
                -0.20411040108302614,
                -0.000302897090950216,
                0.04622971478255988
            ],
            "order": 2
        },
        "f129": {
            "colors": [
                "f106_f129",
                "f129_f158"
            ],
            "coefficients": [
                3.3313736436941133,
                0.029780908564412283,
                1.188471401347374,
                0.2723258221520898,
                -1.9409458156331958,
                0.45677327034056164,
                -0.49632905018636975,
                0.9070381058167383,
                -0.19909970491835688
            ],
            "order": 2
        },
        "f158": {
            "colors": [
                "f129_f158",
                "f158_f184"
            ],
            "coefficients": [
                2.127428193796806,
                0.10668929205211253,
                0.08852085591513126,
                -0.09563214506393725,
                0.04048973945374501,
                -0.08242610006671724,
                0.04348047580511438,
                -0.611513072644188,
                0.9256148836987762
            ],
            "order": 2
        },
        "f184": {
            "colors": [
                "f158_f184",
                "f184_f213"
            ],
            "coefficients": [
                1.5149131551542154,
                -0.02354944734434975,
                -0.017238359666566946,
                -0.03052851931016725,
                0.018333176356514595,
                -0.0269581287847609,
                0.055812598761541744,
                0.09422244524598077,
                -0.13773161282683533
            ],
            "order": 2
        },
        "f213": {
            "colors": [
                "f184_f213"
            ],
            "coefficients": [
                1.0576823569891294,
                0.03754177723969805,
                -0.0029102027613460237,
                -0.09781038510514647,
                -0.0024825146153384177,
                0.0190745803599071
            ],
            "order": 2
        },
        "f146": {
            "colors": [
                "f106_f129",
                "f129_f158",
                "f158_f184"
            ],
            "coefficients": [
                3.5547135045083293,
                1.213245289081692,
                -0.6152291013088604,
                -0.756073583557739,
                0.6378271747082551,
                -0.16848276007116486,
                -0.5998018519490628,
                -0.3295902344634695,
                0.23125140947886355,
                -0.3799513045602825,
                0.40328265500519056,
                0.026832456808806807
            ],
            "order": 2
        }
    },
    "v2": {
        "f087": {
            "colors": [
                "f087_f146",
                "f087_f213"
            ],
            "coefficients": [
                8.125066644686834,
                0.9242012913930451,
                -0.25136414844681354,
                -1.617875401926808,
                -0.0883699279793637,
                0.34174942085030663,
                0.7587216325746172,
                -0.12003091591843365,
                -0.26375831196347194
            ],
            "order": 2
        },
        "f146": {
            "colors": [
                "f087_f146",
                "f087_f213",
                "f213_f146"
            ],
            "coefficients": [
                3.1914185062478833,
                0.6126964963936182,
                0.07578054581167727,
                -50.01994068374875,
                -233.9944673896577,
                -0.27821553866198606,
                50.376864619870496,
                234.6443058679582,
                0.206764451199195,
                -49.4973849363604,
                -234.38198366740326,
                -0.1361482637841395
            ],
            "order": 2
        },
        "f213": {
            "colors": [
                "f087_f213",
                "f213_f146"
            ],
            "coefficients": [
                1.0835343191727973,
                0.021387724583171917,
                0.010629873073119795,
                -0.034279594058018635,
                0.0290179554105455,
                0.007021123205163512,
                0.035757286653761045,
                -0.011695926751970433,
                -0.013783588938870528
            ],
            "order": 2
        }
    },
    "v3": {
        "f146": {
            "colors": [
                "f213_f146"
            ],
            "coefficients": [
                3.090167934231513,
                1.015041072779724,
                2.9249189066850745,
                0.7238424279863802,
                4.5276443581589705,
                1.4540897847610326
            ],
            "order": 2
        },
        "f213": {
            "colors": [
                "f213_f146"
            ],
            "coefficients": [
                1.083231172048149,
                0.03876458305721828,
                -0.1801362898695084,
                0.03243057098865687,
                -0.2633795661710753,
                -0.09952234833816498
            ],
            "order": 2
        }
    },
    "v4": {
        "f087": {
            "colors": [
                "f087_f106"
            ],
            "coefficients": [
                8.19822660846241,
                0.4794050382418937,
                -0.7658213265389961,
                -0.5277666686688335,
                0.5798459175482311,
                -0.09248984558953365
            ],
            "order": 2
        },
        "f106": {
            "colors": [
                "f106_f129"
            ],
            "coefficients": [
                5.287523657184188,
                0.32106258785025543,
                -0.8908154946545817,
                -0.3692853796967407,
                1.025676734355376,
                -0.3006458583679099
            ],
            "order": 2
        },
        "f129": {
            "colors": [
                "f129_f158"
            ],
            "coefficients": [
                3.3704408570814866,
                0.05863378729328834,
                0.08728528439902546,
                -0.1641851169357463,
                -0.19513173598020245,
                0.1022673336480472
            ],
            "order": 2
        },
        "f158": {
            "colors": [
                "f158_f184"
            ],