{
    "v1": {
        "f062": {
            "colors": [
                "f062_f087"
            ],
            "coefficients": [
                14.89772958711081,
                2.789905676687855,
                -6.269302027913637,
                -9.275373009314722,
                -0.4467931659052242,
                -0.9514663079734075,
                2.6819000193760054,
                6.262076283848016,
                0.6596855274621466,
                -0.26807281983770953,
                -1.4114442221118848,
                -0.3031008820890562,
                0.10556533391615025,
                0.05674697523863387,
                -0.003782820328330016
            ],
            "order": 4
        },
        "f087": {
            "colors": [
                "f062_f087",
                "f087_f106"
            ],
            "coefficients": [
                8.257107128670564,
                -0.012089313891321027,
                0.3297864010412644,
                6.128694619066211,
                6.727922931007768,
                -0.24160265147258503,
                -0.04845758292894812,
                -0.2480036009657862,
                -0.4301501713753119,
                0.008307214948405304,
                0.046047378199356497,
                0.13665171559681058,
                -0.0027675828323491733,
                -0.019183540591896465,
                0.0010031273318944027,
                0.15361437141877554,
                -0.016408762576471732,
                -7.612755902835594,
                -11.327321147238518,
                -0.011026718784143972,
                3.3732375767777945,
                7.7248618675911835,
                -0.4976583327319877,
                -2.338613373696402,
                0.2651931007450973
            ],
            "order": 4
        },
        "f106": {
            "colors": [
                "f087_f106",
                "f106_f129"
            ],
            "coefficients": [
                5.299801598239141,
                -0.3947321742890254,
                0.06821690733891789,
                -0.006145126441117343,
                0.00020200138944726024,
                -0.09742432374230163,
                0.041984950655061234,
                -0.009203140232868627,
                0.0008421959544549418,
                -0.12130615026747882,
                0.016827887974030887,
                -0.0021591689196256247,
                0.1263712879106569,
                0.0007168897533880407,
                -0.05819049600382259,
                -0.20165210004003273,
                0.02069899970425192,
                0.004982449450681959,
                -0.000932198266631224,
                0.11168724607705711,
                -0.016563286905766507,
                0.0015752468929446913,
                -0.16603893919464943,
                0.017599891095992522,
                -0.14596858193107215
            ],
            "order": 4
        },
        "f129": {
            "colors": [
                "f106_f129",
                "f129_f158"
            ],
            "coefficients": [
                3.2978879217109625,
                -0.18875362237821025,
                0.8052656926577966,
                2.7481230624106745,
                0.9732786306252833,
                0.43796872586045205,
                0.12753841487782872,
                -5.0046948217511344,
                -3.4607016468966227,
                -0.22195906886388245,
                3.4522606050978344,
                3.934812504751839,
                -0.7716390687673633,
                -1.9719658187998648,
                0.36703947069115955,
                -0.45479464263112634,
                -1.6009849728292889,
                -1.3793906442034554,
                0.5407382657396991,
                1.0395267859588513,
                1.7199783609618446,
                -0.640355458974431,
                -0.7307878003690541,
                0.29016656618420805,
                -0.029866445841776137
            ],
            "order": 4
        },
        "f158": {
            "colors": [
                "f129_f158",
                "f158_f184"
            ],
            "coefficients": [
                2.1790448173996086,
                -0.05992262668201365,
                -0.07798464870298658,
                -0.2716723318792567,
                0.015636234737710693,
                -0.21178689463261466,
                0.9899540459028777,
                1.4119957448130913,
                -0.23264994583831466,
                -0.4814454428958327,
                -1.6016758745545778,
                0.1918273983421705,
                0.5972940145501562,
                -0.011148574854513158,
                -0.029412194936611555,
                0.47066221891898463,
                -1.5668108925974604,
                -1.1979236483165001,
                0.545298572817925,
                1.338304764794662,
                3.1121434229052634,
                -1.637899194096696,
                -2.4739766137501715,
                2.1265066743545438,
                -1.0209452799270002
            ],
            "order": 4
        },
        "f184": {
            "colors": [
                "f158_f184",
                "f184_f213"
            ],
            "coefficients": [
                1.516403857548863,
                -0.04200195781164031,
                0.015321510004481734,
                0.04871271163649978,
                -0.07523240324843355,
                0.005792455368883467,
                -0.16636157716862846,
                -0.01550759914432457,
                0.43743313576487597,
                0.11093136550901324,
                0.0038901412432792858,
                -1.3593911809564934,
                0.03673187734587485,
                1.8838333259784656,
                -0.9834854668225639,
                0.05075401330316229,
                0.21457624123252295,
                -0.31776175755824626,
                0.20784150248485214,
                -0.2679390038565814,
                0.7120472488973523,
                -0.7248089751492581,
                -0.5404130089541765,
                1.1269659817178725,
                -0.6558343195607239
            ],
            "order": 4
        },
        "f213": {
            "colors": [
                "f184_f213"
            ],
            "coefficients": [
                1.0566837678671577,
                0.031683331893737926,
                0.05673989946121896,
                -0.07834403772186846,
                -0.0024763240033610035,
                -0.08194754849410871,
                -0.29871611518644303,
                0.5558331255835859,
                0.06351385700990439,
                0.38219405714398413,
                -1.3011520123869864,
                -0.3799004316031931,
                1.0069039901888983,
                0.8601054706411213,
                -0.6721997733397251
            ],
            "order": 4
        },
        "f146": {
            "colors": [
                "f106_f129",
                "f129_f158",
                "f158_f184"
            ],